target,Solyc01g065840.4.1,Solyc01g095320.4.1,Solyc01g101070.3.1,Solyc01g102960.3.1,Solyc01g104740.3.1,Solyc02g030450.3.1,Solyc02g062130.5.1,Solyc02g079020.4.1,Solyc02g080130.5.1,Solyc03g063760.4.1,Solyc03g082420.3.1,Solyc03g083190.3.1,Solyc03g097960.1.1,Solyc03g113590.3.1,Solyc03g113930.3.1,Solyc03g117440.3.1,Solyc04g011440.4.1,Solyc04g014480.3.1,Solyc04g054290.3.1,Solyc05g014280.4.1,Solyc05g055010.4.1,Solyc06g011370.4.1,Solyc06g036290.3.1,Solyc06g076520.1.1,Solyc06g076560.2.1,Solyc06g076670.3.1,Solyc07g065410.1.1,Solyc08g005420.3.1,Solyc08g006150.3.1,Solyc08g062340.3.1,Solyc08g066940.4.1,Solyc08g067960.3.1,Solyc08g078700.3.1,Solyc09g007270.3.1,Solyc09g008970.1.1,Solyc09g011410.4.1,Solyc09g015000.4.1,Solyc10g006610.5.1,Solyc10g081480.2.1,Solyc10g084400.2.1,Solyc11g020040.2.1,Solyc11g066100.2.1,Solyc11g066830.2.1,Solyc11g070060.2.1,Solyc11g071830.2.1,Solyc01g102950.3.1,Solyc01g103760.3.1,Solyc03g096950.4.1,Solyc04g080850.3.1,Solyc06g082710.5.1,Solyc07g006830.4.1,Solyc08g063090.2.1,Solyc09g091510.3.1,Solyc10g011810.4.1,Solyc10g012410.3.1,Solyc12g055930.3.1
Solyc01g065840.4.1,1.0,0.08203125,0.0078125,0.0625,0.01171875,0.0078125,0.01953125,0.375,0.015625,0.01171875,0.03515625,0.046875,0.1953125,0.01171875,0.0625,0.0078125,0.00390625,0.0546875,0.015625,0.0625,0.04296875,0.00390625,0.00390625,0.0859375,0.0859375,0.046875,0.25390625,0.00390625,0.01171875,0.0234375,0.1015625,0.01953125,0.04296875,0.0078125,0.04296875,0.5078125,0.015625,0.01171875,0.05078125,0.01171875,0.00390625,0.00390625,0.01171875,0.0078125,0.0078125,0.03125,0.0078125,0.0078125,0.015625,0.14453125,0.03125,0.015625,0.0078125,0.015625,0.015625,0.0078125
Solyc01g095320.4.1,0.08203125,1.0,0.046875,0.37890625,0.0546875,0.10546875,0.12109375,0.09765625,0.078125,0.0625,0.34375,0.4140625,0.171875,0.0703125,0.37890625,0.046875,0.01953125,0.33984375,0.07421875,0.25,0.34375,0.02734375,0.02734375,0.17578125,0.17578125,0.328125,0.06640625,0.04296875,0.0625,0.2421875,0.296875,0.0859375,0.375,0.08984375,0.359375,0.09765625,0.16015625,0.08203125,0.36328125,0.08203125,0.01953125,0.01953125,0.05078125,0.06640625,0.05078125,0.26171875,0.04296875,0.06640625,0.08984375,0.2890625,0.32421875,0.06640625,0.05859375,0.06640625,0.14453125,0.0703125
Solyc01g101070.3.1,0.0078125,0.046875,1.0,0.05078125,0.45703125,0.45703125,0.140625,0.01953125,0.23828125,0.4453125,0.11328125,0.09375,0.0234375,0.4375,0.05078125,0.60546875,0.20703125,0.109375,0.41015625,0.09375,0.14453125,0.140625,0.24609375,0.0546875,0.0546875,0.109375,0.0078125,0.59765625,0.46875,0.18359375,0.04296875,0.375,0.1171875,0.546875,0.11328125,0.01171875,0.3046875,0.21484375,0.10546875,0.35546875,0.20703125,0.20703125,0.515625,0.4453125,0.51953125,0.12109375,0.58203125,0.61328125,0.44921875,0.02734375,0.13671875,0.42578125,0.28125,0.42578125,0.16015625,0.55859375
Solyc01g102960.3.1,0.0625,0.37890625,0.05078125,1.0,0.0546875,0.1015625,0.11328125,0.1015625,0.0625,0.05078125,0.26171875,0.36328125,0.23828125,0.0703125,1.0,0.0390625,0.01171875,0.27734375,0.0703125,0.30859375,0.3515625,0.01953125,0.0234375,0.203125,0.203125,0.25,0.06640625,0.03515625,0.05859375,0.2578125,0.421875,0.08203125,0.3515625,0.1171875,0.3125,0.1171875,0.16796875,0.07421875,0.2421875,0.08203125,0.01171875,0.01171875,0.04296875,0.06640625,0.046875,0.1796875,0.05078125,0.0546875,0.0625,0.296875,0.31640625,0.05859375,0.06640625,0.05859375,0.12890625,0.0703125
Solyc01g104740.3.1,0.01171875,0.0546875,0.45703125,0.0546875,1.0,0.359375,0.1640625,0.01953125,0.5078125,0.578125,0.125,0.08203125,0.02734375,0.7265625,0.0546875,0.5859375,0.25390625,0.11328125,0.5234375,0.0859375,0.13671875,0.125,0.33203125,0.03515625,0.03515625,0.09765625,0.0078125,0.55078125,0.6875,0.16015625,0.0546875,0.48828125,0.10546875,0.3984375,0.10546875,0.015625,0.1953125,0.1796875,0.08984375,0.4765625,0.25390625,0.25390625,0.71875,0.66796875,0.69921875,0.11328125,0.640625,0.42578125,0.34375,0.04296875,0.12890625,0.5859375,0.16015625,0.5859375,0.13671875,0.62890625
Solyc02g030450.3.1,0.0078125,0.10546875,0.45703125,0.1015625,0.359375,1.0,0.2109375,0.01953125,0.12890625,0.41796875,0.23046875,0.19140625,0.02734375,0.390625,0.1015625,0.328125,0.109375,0.1875,0.28125,0.17578125,0.265625,0.125,0.14453125,0.078125,0.078125,0.1953125,0.00390625,0.30078125,0.375,0.29296875,0.078125,0.30078125,0.23046875,0.6640625,0.19921875,0.0078125,0.375,0.2265625,0.2109375,0.19140625,0.109375,0.109375,0.328125,0.3828125,0.33984375,0.23828125,0.40234375,0.390625,0.34765625,0.0546875,0.2578125,0.2890625,0.25,0.2890625,0.2265625,0.375
Solyc02g062130.5.1,0.01953125,0.12109375,0.140625,0.11328125,0.1640625,0.2109375,1.0,0.01953125,0.19140625,0.12109375,0.23046875,0.17578125,0.05078125,0.15625,0.11328125,0.125,0.109375,0.21484375,0.203125,0.1953125,0.25390625,0.1484375,0.15234375,0.08203125,0.08203125,0.19140625,0.01171875,0.109375,0.1640625,0.26171875,0.10546875,0.203125,0.20703125,0.21484375,0.20703125,0.0234375,0.29296875,0.3046875,0.1875,0.1953125,0.109375,0.109375,0.15234375,0.13671875,0.140625,0.2734375,0.1484375,0.16796875,0.23046875,0.0703125,0.25390625,0.16796875,0.234375,0.16796875,0.4921875,0.16015625
Solyc02g079020.4.1,0.375,0.09765625,0.01953125,0.1015625,0.01953125,0.01953125,0.01953125,1.0,0.01953125,0.01171875,0.0546875,0.04296875,0.19140625,0.01953125,0.1015625,0.01953125,0.0078125,0.06640625,0.02734375,0.06640625,0.0703125,0.0078125,0.015625,0.171875,0.171875,0.05859375,0.17578125,0.015625,0.01171875,0.046875,0.16796875,0.03125,0.06640625,0.01953125,0.0859375,0.20703125,0.03125,0.0234375,0.0546875,0.01953125,0.0078125,0.0078125,0.01953125,0.01953125,0.01953125,0.04296875,0.015625,0.01953125,0.015625,0.140625,0.03515625,0.01953125,0.01953125,0.01953125,0.0234375,0.01953125
Solyc02g080130.5.1,0.015625,0.078125,0.23828125,0.0625,0.5078125,0.12890625,0.19140625,0.01953125,1.0,0.4140625,0.17578125,0.125,0.0234375,0.50390625,0.0625,0.359375,0.16796875,0.17578125,0.47265625,0.125,0.16796875,0.05859375,0.2265625,0.04296875,0.04296875,0.14453125,0.00390625,0.34375,0.50390625,0.16796875,0.06640625,0.47265625,0.15234375,0.16015625,0.14453125,0.015625,0.1796875,0.19140625,0.1328125,0.5703125,0.16796875,0.16796875,0.46484375,0.51171875,0.4375,0.1953125,0.4453125,0.2421875,0.25390625,0.046875,0.15625,0.4921875,0.08203125,0.4921875,0.19140625,0.43359375
Solyc03g063760.4.1,0.01171875,0.0625,0.4453125,0.05078125,0.578125,0.41796875,0.12109375,0.01171875,0.4140625,1.0,0.10546875,0.1015625,0.01953125,0.58984375,0.05078125,0.453125,0.15625,0.11328125,0.4453125,0.08203125,0.12109375,0.09375,0.234375,0.02734375,0.02734375,0.109375,0.00390625,0.40234375,0.65234375,0.12890625,0.04296875,0.453125,0.109375,0.38671875,0.09765625,0.01171875,0.171875,0.171875,0.10546875,0.41796875,0.15625,0.15625,0.56640625,0.59765625,0.5078125,0.1328125,0.54296875,0.36328125,0.37109375,0.04296875,0.12890625,0.45703125,0.1640625,0.45703125,0.1328125,0.53125
Solyc03g082420.3.1,0.03515625,0.34375,0.11328125,0.26171875,0.125,0.23046875,0.23046875,0.0546875,0.17578125,0.10546875,1.0,0.48046875,0.08203125,0.14453125,0.26171875,0.09765625,0.03125,0.66796875,0.14453125,0.48046875,0.59765625,0.04296875,0.0390625,0.22265625,0.22265625,0.5703125,0.02734375,0.08984375,0.1328125,0.5234375,0.23046875,0.17578125,0.59765625,0.19140625,0.54296875,0.0390625,0.32421875,0.1640625,0.58984375,0.15625,0.03125,0.03125,0.10546875,0.1484375,0.10546875,0.515625,0.125,0.1171875,0.1640625,0.16796875,0.59765625,0.12890625,0.11328125,0.12890625,0.28125,0.14453125
Solyc03g083190.3.1,0.046875,0.4140625,0.09375,0.36328125,0.08203125,0.19140625,0.17578125,0.04296875,0.125,0.1015625,0.48046875,1.0,0.1328125,0.125,0.36328125,0.08203125,0.03515625,0.49609375,0.13671875,0.45703125,0.5078125,0.04296875,0.0390625,0.1953125,0.1953125,0.55078125,0.0234375,0.0703125,0.11328125,0.41015625,0.2578125,0.17578125,0.53515625,0.17578125,0.54296875,0.05859375,0.25,0.14453125,0.53515625,0.16015625,0.03515625,0.03515625,0.0703125,0.10546875,0.08203125,0.4140625,0.1015625,0.1015625,0.140625,0.21875,0.55078125,0.1015625,0.1015625,0.1015625,0.19140625,0.10546875
Solyc03g097960.1.1,0.1953125,0.171875,0.0234375,0.23828125,0.02734375,0.02734375,0.05078125,0.19140625,0.0234375,0.01953125,0.08203125,0.1328125,1.0,0.0234375,0.23828125,0.01953125,0.0078125,0.13671875,0.03515625,0.140625,0.16015625,0.0078125,0.01171875,0.2265625,0.2265625,0.15625,0.140625,0.015625,0.0234375,0.09765625,0.23828125,0.0390625,0.11328125,0.0390625,0.15234375,0.28125,0.05078125,0.046875,0.1171875,0.03125,0.0078125,0.0078125,0.01953125,0.01953125,0.01953125,0.06640625,0.015625,0.03125,0.0390625,0.37109375,0.12109375,0.02734375,0.0234375,0.02734375,0.05078125,0.02734375
Solyc03g113590.3.1,0.01171875,0.0703125,0.4375,0.0703125,0.7265625,0.390625,0.15625,0.01953125,0.50390625,0.58984375,0.14453125,0.125,0.0234375,1.0,0.0703125,0.55859375,0.203125,0.14453125,0.52734375,0.1015625,0.16015625,0.109375,0.3125,0.04296875,0.04296875,0.1171875,0.00390625,0.51953125,0.70703125,0.1640625,0.05078125,0.5625,0.125,0.4296875,0.1328125,0.01171875,0.22265625,0.17578125,0.125,0.44140625,0.203125,0.203125,0.6640625,0.6953125,0.6328125,0.1484375,0.65625,0.4375,0.3046875,0.03125,0.14453125,0.578125,0.18359375,0.578125,0.1640625,0.625
Solyc03g113930.3.1,0.0625,0.37890625,0.05078125,1.0,0.0546875,0.1015625,0.11328125,0.1015625,0.0625,0.05078125,0.26171875,0.36328125,0.23828125,0.0703125,1.0,0.0390625,0.01171875,0.27734375,0.0703125,0.30859375,0.3515625,0.01953125,0.0234375,0.203125,0.203125,0.25,0.06640625,0.03515625,0.05859375,0.2578125,0.421875,0.08203125,0.3515625,0.1171875,0.3125,0.1171875,0.16796875,0.07421875,0.2421875,0.08203125,0.01171875,0.01171875,0.04296875,0.06640625,0.046875,0.1796875,0.05078125,0.0546875,0.0625,0.296875,0.31640625,0.05859375,0.06640625,0.05859375,0.12890625,0.0703125
Solyc03g117440.3.1,0.0078125,0.046875,0.60546875,0.0390625,0.5859375,0.328125,0.125,0.01953125,0.359375,0.453125,0.09765625,0.08203125,0.01953125,0.55859375,0.0390625,1.0,0.3203125,0.09375,0.484375,0.08203125,0.11328125,0.1640625,0.4140625,0.0390625,0.0390625,0.0859375,0.00390625,0.8125,0.51953125,0.1484375,0.04296875,0.46484375,0.09375,0.39453125,0.0859375,0.0078125,0.22265625,0.19140625,0.0859375,0.4453125,0.3203125,0.3203125,0.6796875,0.51171875,0.74609375,0.08984375,0.640625,0.59375,0.41015625,0.0234375,0.10546875,0.5546875,0.21875,0.5546875,0.11328125,0.640625
Solyc04g011440.4.1,0.00390625,0.01953125,0.20703125,0.01171875,0.25390625,0.109375,0.109375,0.0078125,0.16796875,0.15625,0.03125,0.03515625,0.0078125,0.203125,0.01171875,0.3203125,1.0,0.03515625,0.203125,0.03125,0.04296875,0.62890625,0.65234375,0.0078125,0.0078125,0.03515625,0.00390625,0.34765625,0.1953125,0.04296875,0.01171875,0.1796875,0.03515625,0.125,0.0390625,0.00390625,0.078125,0.2109375,0.03515625,0.19921875,1.0,1.0,0.26953125,0.2109375,0.3203125,0.03125,0.2421875,0.20703125,0.125,0.01171875,0.03515625,0.234375,0.2421875,0.234375,0.08984375,0.2421875
Solyc04g014480.3.1,0.0546875,0.33984375,0.109375,0.27734375,0.11328125,0.1875,0.21484375,0.06640625,0.17578125,0.11328125,0.66796875,0.49609375,0.13671875,0.14453125,0.27734375,0.09375,0.03515625,1.0,0.1328125,0.50390625,0.57421875,0.046875,0.0390625,0.1953125,0.1953125,0.609375,0.05078125,0.08203125,0.12890625,0.43359375,0.26953125,0.15234375,0.5859375,0.171875,0.5546875,0.078125,0.28125,0.16015625,0.640625,0.1484375,0.03515625,0.03515625,0.1015625,0.1328125,0.09375,0.546875,0.11328125,0.11328125,0.15625,0.2421875,0.578125,0.12890625,0.10546875,0.12890625,0.25390625,0.125
Solyc04g054290.3.1,0.015625,0.07421875,0.41015625,0.0703125,0.5234375,0.28125,0.203125,0.02734375,0.47265625,0.4453125,0.14453125,0.13671875,0.03515625,0.52734375,0.0703125,0.484375,0.203125,0.1328125,1.0,0.125,0.16796875,0.09765625,0.26953125,0.0625,0.0625,0.1328125,0.00390625,0.48046875,0.4765625,0.203125,0.05859375,0.59765625,0.13671875,0.37890625,0.14453125,0.015625,0.3203125,0.25,0.140625,0.46484375,0.203125,0.203125,0.546875,0.49609375,0.53125,0.15625,0.5234375,0.45703125,0.421875,0.04296875,0.1875,0.5234375,0.19921875,0.5234375,0.18359375,0.55078125
Solyc05g014280.4.1,0.0625,0.25,0.09375,0.30859375,0.0859375,0.17578125,0.1953125,0.06640625,0.125,0.08203125,0.48046875,0.45703125,0.140625,0.1015625,0.30859375,0.08203125,0.03125,0.50390625,0.125,1.0,0.4609375,0.0390625,0.0390625,0.26171875,0.26171875,0.5234375,0.0390625,0.0703125,0.109375,0.40625,0.26171875,0.140625,0.4921875,0.16796875,0.46875,0.0625,0.24609375,0.14453125,0.5390625,0.14453125,0.03125,0.03125,0.0703125,0.09765625,0.08203125,0.3828125,0.10546875,0.09375,0.140625,0.25,0.52734375,0.109375,0.1015625,0.109375,0.1953125,0.109375
Solyc05g055010.4.1,0.04296875,0.34375,0.14453125,0.3515625,0.13671875,0.265625,0.25390625,0.0703125,0.16796875,0.12109375,0.59765625,0.5078125,0.16015625,0.16015625,0.3515625,0.11328125,0.04296875,0.57421875,0.16796875,0.4609375,1.0,0.05078125,0.05078125,0.22265625,0.22265625,0.546875,0.03125,0.10546875,0.15234375,0.52734375,0.3046875,0.20703125,0.63671875,0.23828125,0.58203125,0.07421875,0.35546875,0.18359375,0.55078125,0.1796875,0.04296875,0.04296875,0.1171875,0.15625,0.1171875,0.4375,0.1328125,0.1484375,0.16796875,0.203125,0.5703125,0.13671875,0.1328125,0.13671875,0.28515625,0.15625
Solyc06g011370.4.1,0.00390625,0.02734375,0.140625,0.01953125,0.125,0.125,0.1484375,0.0078125,0.05859375,0.09375,0.04296875,0.04296875,0.0078125,0.109375,0.01953125,0.1640625,0.62890625,0.046875,0.09765625,0.0390625,0.05078125,1.0,0.52734375,0.0078125,0.0078125,0.04296875,0.00390625,0.14453125,0.109375,0.0703125,0.01953125,0.10546875,0.046875,0.125,0.046875,0.00390625,0.1015625,0.21875,0.0390625,0.0625,0.62890625,0.62890625,0.12109375,0.109375,0.1484375,0.04296875,0.11328125,0.16015625,0.12109375,0.01953125,0.046875,0.08984375,0.29296875,0.08984375,0.109375,0.1328125
Solyc06g036290.3.1,0.00390625,0.02734375,0.24609375,0.0234375,0.33203125,0.14453125,0.15234375,0.015625,0.2265625,0.234375,0.0390625,0.0390625,0.01171875,0.3125,0.0234375,0.4140625,0.65234375,0.0390625,0.26953125,0.0390625,0.05078125,0.52734375,1.0,0.01953125,0.01953125,0.03515625,0.00390625,0.40234375,0.265625,0.07421875,0.0234375,0.26171875,0.0390625,0.16015625,0.04296875,0.00390625,0.125,0.28125,0.03125,0.265625,0.65234375,0.65234375,0.36328125,0.28515625,0.41796875,0.03515625,0.34375,0.28515625,0.18359375,0.015625,0.04296875,0.2890625,0.328125,0.2890625,0.1328125,0.3359375
Solyc06g076520.1.1,0.0859375,0.17578125,0.0546875,0.203125,0.03515625,0.078125,0.08203125,0.171875,0.04296875,0.02734375,0.22265625,0.1953125,0.2265625,0.04296875,0.203125,0.0390625,0.0078125,0.1953125,0.0625,0.26171875,0.22265625,0.0078125,0.01953125,1.0,1.0,0.203125,0.0546875,0.03125,0.0390625,0.1640625,0.19140625,0.06640625,0.17578125,0.078125,0.20703125,0.06640625,0.11328125,0.07421875,0.203125,0.05859375,0.0078125,0.0078125,0.03515625,0.0390625,0.04296875,0.140625,0.046875,0.0546875,0.05078125,0.1484375,0.19140625,0.04296875,0.05078125,0.04296875,0.08984375,0.06640625
Solyc06g076560.2.1,0.0859375,0.17578125,0.0546875,0.203125,0.03515625,0.078125,0.08203125,0.171875,0.04296875,0.02734375,0.22265625,0.1953125,0.2265625,0.04296875,0.203125,0.0390625,0.0078125,0.1953125,0.0625,0.26171875,0.22265625,0.0078125,0.01953125,1.0,1.0,0.203125,0.0546875,0.03125,0.0390625,0.1640625,0.19140625,0.06640625,0.17578125,0.078125,0.20703125,0.06640625,0.11328125,0.07421875,0.203125,0.05859375,0.0078125,0.0078125,0.03515625,0.0390625,0.04296875,0.140625,0.046875,0.0546875,0.05078125,0.1484375,0.19140625,0.04296875,0.05078125,0.04296875,0.08984375,0.06640625
Solyc06g076670.3.1,0.046875,0.328125,0.109375,0.25,0.09765625,0.1953125,0.19140625,0.05859375,0.14453125,0.109375,0.5703125,0.55078125,0.15625,0.1171875,0.25,0.0859375,0.03515625,0.609375,0.1328125,0.5234375,0.546875,0.04296875,0.03515625,0.203125,0.203125,1.0,0.03515625,0.0703125,0.11328125,0.3828125,0.25,0.15625,0.58203125,0.17578125,0.6171875,0.06640625,0.25,0.15625,0.65234375,0.140625,0.03515625,0.03515625,0.0859375,0.1171875,0.08984375,0.53515625,0.10546875,0.12109375,0.14453125,0.23046875,0.5859375,0.11328125,0.11328125,0.11328125,0.234375,0.1171875
Solyc07g065410.1.1,0.25390625,0.06640625,0.0078125,0.06640625,0.0078125,0.00390625,0.01171875,0.17578125,0.00390625,0.00390625,0.02734375,0.0234375,0.140625,0.00390625,0.06640625,0.00390625,0.00390625,0.05078125,0.00390625,0.0390625,0.03125,0.00390625,0.00390625,0.0546875,0.0546875,0.03515625,1.0,0.00390625,0.00390625,0.01953125,0.09375,0.0078125,0.03515625,0.0078125,0.03125,0.38671875,0.01171875,0.0078125,0.0390625,0.00390625,0.00390625,0.00390625,0.00390625,0.00390625,0.00390625,0.01953125,0.00390625,0.0078125,0.01171875,0.10546875,0.02734375,0.0078125,0.00390625,0.0078125,0.015625,0.0078125
Solyc08g005420.3.1,0.00390625,0.04296875,0.59765625,0.03515625,0.55078125,0.30078125,0.109375,0.015625,0.34375,0.40234375,0.08984375,0.0703125,0.015625,0.51953125,0.03515625,0.8125,0.34765625,0.08203125,0.48046875,0.0703125,0.10546875,0.14453125,0.40234375,0.03125,0.03125,0.0703125,0.00390625,1.0,0.484375,0.13671875,0.03515625,0.4375,0.08203125,0.390625,0.08203125,0.00390625,0.203125,0.1796875,0.07421875,0.4375,0.34765625,0.34765625,0.6171875,0.48046875,0.73828125,0.078125,0.62890625,0.6015625,0.38671875,0.01953125,0.09765625,0.5546875,0.19140625,0.5546875,0.1015625,0.625
Solyc08g006150.3.1,0.01171875,0.0625,0.46875,0.05859375,0.6875,0.375,0.1640625,0.01171875,0.50390625,0.65234375,0.1328125,0.11328125,0.0234375,0.70703125,0.05859375,0.51953125,0.1953125,0.12890625,0.4765625,0.109375,0.15234375,0.109375,0.265625,0.0390625,0.0390625,0.11328125,0.00390625,0.484375,1.0,0.171875,0.0390625,0.52734375,0.12109375,0.40625,0.109375,0.01171875,0.234375,0.18359375,0.109375,0.51953125,0.1953125,0.1953125,0.62109375,0.66796875,0.5859375,0.13671875,0.65234375,0.3828125,0.35546875,0.03515625,0.1484375,0.5859375,0.20703125,0.5859375,0.171875,0.59765625
Solyc08g062340.3.1,0.0234375,0.2421875,0.18359375,0.2578125,0.16015625,0.29296875,0.26171875,0.046875,0.16796875,0.12890625,0.5234375,0.41015625,0.09765625,0.1640625,0.2578125,0.1484375,0.04296875,0.43359375,0.203125,0.40625,0.52734375,0.0703125,0.07421875,0.1640625,0.1640625,0.3828125,0.01953125,0.13671875,0.171875,1.0,0.2421875,0.2421875,0.484375,0.265625,0.45703125,0.0390625,0.46875,0.24609375,0.4375,0.2265625,0.04296875,0.04296875,0.1328125,0.1796875,0.15234375,0.375,0.17578125,0.1875,0.22265625,0.1484375,0.58203125,0.17578125,0.19140625,0.17578125,0.30078125,0.203125
Solyc08g066940.4.1,0.1015625,0.296875,0.04296875,0.421875,0.0546875,0.078125,0.10546875,0.16796875,0.06640625,0.04296875,0.23046875,0.2578125,0.23828125,0.05078125,0.421875,0.04296875,0.01171875,0.26953125,0.05859375,0.26171875,0.3046875,0.01953125,0.0234375,0.19140625,0.19140625,0.25,0.09375,0.03515625,0.0390625,0.2421875,1.0,0.07421875,0.28125,0.07421875,0.29296875,0.14453125,0.15234375,0.0703125,0.24609375,0.06640625,0.01171875,0.01171875,0.046875,0.05078125,0.0390625,0.1796875,0.05078125,0.0546875,0.05078125,0.41015625,0.25390625,0.05859375,0.05078125,0.05859375,0.10546875,0.05078125
Solyc08g067960.3.1,0.01953125,0.0859375,0.375,0.08203125,0.48828125,0.30078125,0.203125,0.03125,0.47265625,0.453125,0.17578125,0.17578125,0.0390625,0.5625,0.08203125,0.46484375,0.1796875,0.15234375,0.59765625,0.140625,0.20703125,0.10546875,0.26171875,0.06640625,0.06640625,0.15625,0.0078125,0.4375,0.52734375,0.2421875,0.07421875,1.0,0.18359375,0.33203125,0.16796875,0.01953125,0.30078125,0.24609375,0.1640625,0.48828125,0.1796875,0.1796875,0.484375,0.47265625,0.5234375,0.18359375,0.5390625,0.4140625,0.34375,0.0546875,0.21875,0.515625,0.1796875,0.515625,0.21484375,0.54296875
Solyc08g078700.3.1,0.04296875,0.375,0.1171875,0.3515625,0.10546875,0.23046875,0.20703125,0.06640625,0.15234375,0.109375,0.59765625,0.53515625,0.11328125,0.125,0.3515625,0.09375,0.03515625,0.5859375,0.13671875,0.4921875,0.63671875,0.046875,0.0390625,0.17578125,0.17578125,0.58203125,0.03515625,0.08203125,0.12109375,0.484375,0.28125,0.18359375,1.0,0.20703125,0.6484375,0.07421875,0.32421875,0.171875,0.56640625,0.16796875,0.03515625,0.03515625,0.0859375,0.140625,0.10546875,0.48046875,0.11328125,0.1171875,0.15625,0.203125,0.6015625,0.125,0.1171875,0.125,0.265625,0.140625
Solyc09g007270.3.1,0.0078125,0.08984375,0.546875,0.1171875,0.3984375,0.6640625,0.21484375,0.01953125,0.16015625,0.38671875,0.19140625,0.17578125,0.0390625,0.4296875,0.1171875,0.39453125,0.125,0.171875,0.37890625,0.16796875,0.23828125,0.125,0.16015625,0.078125,0.078125,0.17578125,0.0078125,0.390625,0.40625,0.265625,0.07421875,0.33203125,0.20703125,1.0,0.1875,0.01171875,0.4140625,0.22265625,0.1875,0.23828125,0.125,0.125,0.38671875,0.3984375,0.39453125,0.21484375,0.484375,0.48828125,0.42578125,0.05078125,0.24609375,0.33203125,0.296875,0.33203125,0.234375,0.421875
Solyc09g008970.1.1,0.04296875,0.359375,0.11328125,0.3125,0.10546875,0.19921875,0.20703125,0.0859375,0.14453125,0.09765625,0.54296875,0.54296875,0.15234375,0.1328125,0.3125,0.0859375,0.0390625,0.5546875,0.14453125,0.46875,0.58203125,0.046875,0.04296875,0.20703125,0.20703125,0.6171875,0.03125,0.08203125,0.109375,0.45703125,0.29296875,0.16796875,0.6484375,0.1875,1.0,0.0625,0.31640625,0.1640625,0.625,0.15625,0.0390625,0.0390625,0.08203125,0.12109375,0.09375,0.453125,0.1171875,0.12109375,0.14453125,0.2109375,0.5546875,0.109375,0.1328125,0.109375,0.2421875,0.1171875
Solyc09g011410.4.1,0.5078125,0.09765625,0.01171875,0.1171875,0.015625,0.0078125,0.0234375,0.20703125,0.015625,0.01171875,0.0390625,0.05859375,0.28125,0.01171875,0.1171875,0.0078125,0.00390625,0.078125,0.015625,0.0625,0.07421875,0.00390625,0.00390625,0.06640625,0.06640625,0.06640625,0.38671875,0.00390625,0.01171875,0.0390625,0.14453125,0.01953125,0.07421875,0.01171875,0.0625,1.0,0.03125,0.01171875,0.0703125,0.01171875,0.00390625,0.00390625,0.01171875,0.0078125,0.0078125,0.03515625,0.0078125,0.01171875,0.01953125,0.203125,0.05078125,0.015625,0.0078125,0.015625,0.0234375,0.01171875
Solyc09g015000.4.1,0.015625,0.16015625,0.3046875,0.16796875,0.1953125,0.375,0.29296875,0.03125,0.1796875,0.171875,0.32421875,0.25,0.05078125,0.22265625,0.16796875,0.22265625,0.078125,0.28125,0.3203125,0.24609375,0.35546875,0.1015625,0.125,0.11328125,0.11328125,0.25,0.01171875,0.203125,0.234375,0.46875,0.15234375,0.30078125,0.32421875,0.4140625,0.31640625,0.03125,1.0,0.2890625,0.2734375,0.2734375,0.078125,0.078125,0.1875,0.23046875,0.21484375,0.328125,0.26171875,0.27734375,0.3671875,0.08203125,0.3515625,0.2578125,0.28125,0.2578125,0.30078125,0.29296875
Solyc10g006610.5.1,0.01171875,0.08203125,0.21484375,0.07421875,0.1796875,0.2265625,0.3046875,0.0234375,0.19140625,0.171875,0.1640625,0.14453125,0.046875,0.17578125,0.07421875,0.19140625,0.2109375,0.16015625,0.25,0.14453125,0.18359375,0.21875,0.28125,0.07421875,0.07421875,0.15625,0.0078125,0.1796875,0.18359375,0.24609375,0.0703125,0.24609375,0.171875,0.22265625,0.1640625,0.01171875,0.2890625,1.0,0.1484375,0.25,0.2109375,0.2109375,0.16796875,0.171875,0.1953125,0.1875,0.20703125,0.20703125,0.2265625,0.0625,0.2265625,0.21484375,0.39453125,0.21484375,0.3203125,0.22265625
Solyc10g081480.2.1,0.05078125,0.36328125,0.10546875,0.2421875,0.08984375,0.2109375,0.1875,0.0546875,0.1328125,0.10546875,0.58984375,0.53515625,0.1171875,0.125,0.2421875,0.0859375,0.03515625,0.640625,0.140625,0.5390625,0.55078125,0.0390625,0.03125,0.203125,0.203125,0.65234375,0.0390625,0.07421875,0.109375,0.4375,0.24609375,0.1640625,0.56640625,0.1875,0.625,0.0703125,0.2734375,0.1484375,1.0,0.1484375,0.03515625,0.03515625,0.08203125,0.11328125,0.08984375,0.51171875,0.11328125,0.11328125,0.1484375,0.21484375,0.625,0.1171875,0.10546875,0.1171875,0.23046875,0.12109375
Solyc10g084400.2.1,0.01171875,0.08203125,0.35546875,0.08203125,0.4765625,0.19140625,0.1953125,0.01953125,0.5703125,0.41796875,0.15625,0.16015625,0.03125,0.44140625,0.08203125,0.4453125,0.19921875,0.1484375,0.46484375,0.14453125,0.1796875,0.0625,0.265625,0.05859375,0.05859375,0.140625,0.00390625,0.4375,0.51953125,0.2265625,0.06640625,0.48828125,0.16796875,0.23828125,0.15625,0.01171875,0.2734375,0.25,0.1484375,1.0,0.19921875,0.19921875,0.44140625,0.45703125,0.5,0.171875,0.45703125,0.24609375,0.296875,0.0390625,0.21484375,0.54296875,0.15625,0.54296875,0.2109375,0.41796875
Solyc11g020040.2.1,0.00390625,0.01953125,0.20703125,0.01171875,0.25390625,0.109375,0.109375,0.0078125,0.16796875,0.15625,0.03125,0.03515625,0.0078125,0.203125,0.01171875,0.3203125,1.0,0.03515625,0.203125,0.03125,0.04296875,0.62890625,0.65234375,0.0078125,0.0078125,0.03515625,0.00390625,0.34765625,0.1953125,0.04296875,0.01171875,0.1796875,0.03515625,0.125,0.0390625,0.00390625,0.078125,0.2109375,0.03515625,0.19921875,1.0,1.0,0.26953125,0.2109375,0.3203125,0.03125,0.2421875,0.20703125,0.125,0.01171875,0.03515625,0.234375,0.2421875,0.234375,0.08984375,0.2421875
Solyc11g066100.2.1,0.00390625,0.01953125,0.20703125,0.01171875,0.25390625,0.109375,0.109375,0.0078125,0.16796875,0.15625,0.03125,0.03515625,0.0078125,0.203125,0.01171875,0.3203125,1.0,0.03515625,0.203125,0.03125,0.04296875,0.62890625,0.65234375,0.0078125,0.0078125,0.03515625,0.00390625,0.34765625,0.1953125,0.04296875,0.01171875,0.1796875,0.03515625,0.125,0.0390625,0.00390625,0.078125,0.2109375,0.03515625,0.19921875,1.0,1.0,0.26953125,0.2109375,0.3203125,0.03125,0.2421875,0.20703125,0.125,0.01171875,0.03515625,0.234375,0.2421875,0.234375,0.08984375,0.2421875
Solyc11g066830.2.1,0.01171875,0.05078125,0.515625,0.04296875,0.71875,0.328125,0.15234375,0.01953125,0.46484375,0.56640625,0.10546875,0.0703125,0.01953125,0.6640625,0.04296875,0.6796875,0.26953125,0.1015625,0.546875,0.0703125,0.1171875,0.12109375,0.36328125,0.03515625,0.03515625,0.0859375,0.00390625,0.6171875,0.62109375,0.1328125,0.046875,0.484375,0.0859375,0.38671875,0.08203125,0.01171875,0.1875,0.16796875,0.08203125,0.44140625,0.26953125,0.26953125,1.0,0.59375,0.71875,0.1015625,0.6484375,0.51171875,0.3671875,0.03125,0.09765625,0.546875,0.16796875,0.546875,0.140625,0.65234375
Solyc11g070060.2.1,0.0078125,0.06640625,0.4453125,0.06640625,0.66796875,0.3828125,0.13671875,0.01953125,0.51171875,0.59765625,0.1484375,0.10546875,0.01953125,0.6953125,0.06640625,0.51171875,0.2109375,0.1328125,0.49609375,0.09765625,0.15625,0.109375,0.28515625,0.0390625,0.0390625,0.1171875,0.00390625,0.48046875,0.66796875,0.1796875,0.05078125,0.47265625,0.140625,0.3984375,0.12109375,0.0078125,0.23046875,0.171875,0.11328125,0.45703125,0.2109375,0.2109375,0.59375,1.0,0.58203125,0.1328125,0.65625,0.37890625,0.30859375,0.03515625,0.1484375,0.5625,0.1640625,0.5625,0.15234375,0.578125
Solyc11g071830.2.1,0.0078125,0.05078125,0.51953125,0.046875,0.69921875,0.33984375,0.140625,0.01953125,0.4375,0.5078125,0.10546875,0.08203125,0.01953125,0.6328125,0.046875,0.74609375,0.3203125,0.09375,0.53125,0.08203125,0.1171875,0.1484375,0.41796875,0.04296875,0.04296875,0.08984375,0.00390625,0.73828125,0.5859375,0.15234375,0.0390625,0.5234375,0.10546875,0.39453125,0.09375,0.0078125,0.21484375,0.1953125,0.08984375,0.5,0.3203125,0.3203125,0.71875,0.58203125,1.0,0.09375,0.6328125,0.54296875,0.40234375,0.03125,0.12109375,0.60546875,0.19140625,0.60546875,0.1171875,0.6640625
Solyc01g102950.3.1,0.03125,0.26171875,0.12109375,0.1796875,0.11328125,0.23828125,0.2734375,0.04296875,0.1953125,0.1328125,0.515625,0.4140625,0.06640625,0.1484375,0.1796875,0.08984375,0.03125,0.546875,0.15625,0.3828125,0.4375,0.04296875,0.03515625,0.140625,0.140625,0.53515625,0.01953125,0.078125,0.13671875,0.375,0.1796875,0.18359375,0.48046875,0.21484375,0.453125,0.03515625,0.328125,0.1875,0.51171875,0.171875,0.03125,0.03125,0.1015625,0.1328125,0.09375,1.0,0.125,0.1171875,0.17578125,0.140625,0.484375,0.14453125,0.109375,0.14453125,0.328125,0.1328125
Solyc01g103760.3.1,0.0078125,0.04296875,0.58203125,0.05078125,0.640625,0.40234375,0.1484375,0.015625,0.4453125,0.54296875,0.125,0.1015625,0.015625,0.65625,0.05078125,0.640625,0.2421875,0.11328125,0.5234375,0.10546875,0.1328125,0.11328125,0.34375,0.046875,0.046875,0.10546875,0.00390625,0.62890625,0.65234375,0.17578125,0.05078125,0.5390625,0.11328125,0.484375,0.1171875,0.0078125,0.26171875,0.20703125,0.11328125,0.45703125,0.2421875,0.2421875,0.6484375,0.65625,0.6328125,0.125,1.0,0.51171875,0.3828125,0.0234375,0.140625,0.58203125,0.2265625,0.58203125,0.14453125,0.6171875
Solyc03g096950.4.1,0.0078125,0.06640625,0.61328125,0.0546875,0.42578125,0.390625,0.16796875,0.01953125,0.2421875,0.36328125,0.1171875,0.1015625,0.03125,0.4375,0.0546875,0.59375,0.20703125,0.11328125,0.45703125,0.09375,0.1484375,0.16015625,0.28515625,0.0546875,0.0546875,0.12109375,0.0078125,0.6015625,0.3828125,0.1875,0.0546875,0.4140625,0.1171875,0.48828125,0.12109375,0.01171875,0.27734375,0.20703125,0.11328125,0.24609375,0.20703125,0.20703125,0.51171875,0.37890625,0.54296875,0.1171875,0.51171875,1.0,0.47265625,0.02734375,0.140625,0.41015625,0.27734375,0.41015625,0.1484375,0.55859375
Solyc04g080850.3.1,0.015625,0.08984375,0.44921875,0.0625,0.34375,0.34765625,0.23046875,0.015625,0.25390625,0.37109375,0.1640625,0.140625,0.0390625,0.3046875,0.0625,0.41015625,0.125,0.15625,0.421875,0.140625,0.16796875,0.12109375,0.18359375,0.05078125,0.05078125,0.14453125,0.01171875,0.38671875,0.35546875,0.22265625,0.05078125,0.34375,0.15625,0.42578125,0.14453125,0.01953125,0.3671875,0.2265625,0.1484375,0.296875,0.125,0.125,0.3671875,0.30859375,0.40234375,0.17578125,0.3828125,0.47265625,1.0,0.05859375,0.19140625,0.3515625,0.2109375,0.3515625,0.1875,0.4140625
Solyc06g082710.5.1,0.14453125,0.2890625,0.02734375,0.296875,0.04296875,0.0546875,0.0703125,0.140625,0.046875,0.04296875,0.16796875,0.21875,0.37109375,0.03125,0.296875,0.0234375,0.01171875,0.2421875,0.04296875,0.25,0.203125,0.01953125,0.015625,0.1484375,0.1484375,0.23046875,0.10546875,0.01953125,0.03515625,0.1484375,0.41015625,0.0546875,0.203125,0.05078125,0.2109375,0.203125,0.08203125,0.0625,0.21484375,0.0390625,0.01171875,0.01171875,0.03125,0.03515625,0.03125,0.140625,0.0234375,0.02734375,0.05859375,1.0,0.20703125,0.0390625,0.03515625,0.0390625,0.06640625,0.03515625
Solyc07g006830.4.1,0.03125,0.32421875,0.13671875,0.31640625,0.12890625,0.2578125,0.25390625,0.03515625,0.15625,0.12890625,0.59765625,0.55078125,0.12109375,0.14453125,0.31640625,0.10546875,0.03515625,0.578125,0.1875,0.52734375,0.5703125,0.046875,0.04296875,0.19140625,0.19140625,0.5859375,0.02734375,0.09765625,0.1484375,0.58203125,0.25390625,0.21875,0.6015625,0.24609375,0.5546875,0.05078125,0.3515625,0.2265625,0.625,0.21484375,0.03515625,0.03515625,0.09765625,0.1484375,0.12109375,0.484375,0.140625,0.140625,0.19140625,0.20703125,1.0,0.1640625,0.14453125,0.1640625,0.2890625,0.16015625
Solyc08g063090.2.1,0.015625,0.06640625,0.42578125,0.05859375,0.5859375,0.2890625,0.16796875,0.01953125,0.4921875,0.45703125,0.12890625,0.1015625,0.02734375,0.578125,0.05859375,0.5546875,0.234375,0.12890625,0.5234375,0.109375,0.13671875,0.08984375,0.2890625,0.04296875,0.04296875,0.11328125,0.0078125,0.5546875,0.5859375,0.17578125,0.05859375,0.515625,0.125,0.33203125,0.109375,0.015625,0.2578125,0.21484375,0.1171875,0.54296875,0.234375,0.234375,0.546875,0.5625,0.60546875,0.14453125,0.58203125,0.41015625,0.3515625,0.0390625,0.1640625,1.0,0.203125,1.0,0.1796875,0.5859375
Solyc09g091510.3.1,0.0078125,0.05859375,0.28125,0.06640625,0.16015625,0.25,0.234375,0.01953125,0.08203125,0.1640625,0.11328125,0.1015625,0.0234375,0.18359375,0.06640625,0.21875,0.2421875,0.10546875,0.19921875,0.1015625,0.1328125,0.29296875,0.328125,0.05078125,0.05078125,0.11328125,0.00390625,0.19140625,0.20703125,0.19140625,0.05078125,0.1796875,0.1171875,0.296875,0.1328125,0.0078125,0.28125,0.39453125,0.10546875,0.15625,0.2421875,0.2421875,0.16796875,0.1640625,0.19140625,0.109375,0.2265625,0.27734375,0.2109375,0.03515625,0.14453125,0.203125,1.0,0.203125,0.22265625,0.2421875
Solyc10g011810.4.1,0.015625,0.06640625,0.42578125,0.05859375,0.5859375,0.2890625,0.16796875,0.01953125,0.4921875,0.45703125,0.12890625,0.1015625,0.02734375,0.578125,0.05859375,0.5546875,0.234375,0.12890625,0.5234375,0.109375,0.13671875,0.08984375,0.2890625,0.04296875,0.04296875,0.11328125,0.0078125,0.5546875,0.5859375,0.17578125,0.05859375,0.515625,0.125,0.33203125,0.109375,0.015625,0.2578125,0.21484375,0.1171875,0.54296875,0.234375,0.234375,0.546875,0.5625,0.60546875,0.14453125,0.58203125,0.41015625,0.3515625,0.0390625,0.1640625,1.0,0.203125,1.0,0.1796875,0.5859375
Solyc10g012410.3.1,0.015625,0.14453125,0.16015625,0.12890625,0.13671875,0.2265625,0.4921875,0.0234375,0.19140625,0.1328125,0.28125,0.19140625,0.05078125,0.1640625,0.12890625,0.11328125,0.08984375,0.25390625,0.18359375,0.1953125,0.28515625,0.109375,0.1328125,0.08984375,0.08984375,0.234375,0.015625,0.1015625,0.171875,0.30078125,0.10546875,0.21484375,0.265625,0.234375,0.2421875,0.0234375,0.30078125,0.3203125,0.23046875,0.2109375,0.08984375,0.08984375,0.140625,0.15234375,0.1171875,0.328125,0.14453125,0.1484375,0.1875,0.06640625,0.2890625,0.1796875,0.22265625,0.1796875,1.0,0.171875
Solyc12g055930.3.1,0.0078125,0.0703125,0.55859375,0.0703125,0.62890625,0.375,0.16015625,0.01953125,0.43359375,0.53125,0.14453125,0.10546875,0.02734375,0.625,0.0703125,0.640625,0.2421875,0.125,0.55078125,0.109375,0.15625,0.1328125,0.3359375,0.06640625,0.06640625,0.1171875,0.0078125,0.625,0.59765625,0.203125,0.05078125,0.54296875,0.140625,0.421875,0.1171875,0.01171875,0.29296875,0.22265625,0.12109375,0.41796875,0.2421875,0.2421875,0.65234375,0.578125,0.6640625,0.1328125,0.6171875,0.55859375,0.4140625,0.03515625,0.16015625,0.5859375,0.2421875,0.5859375,0.171875,1.0
