target,hog,hog_id,level,set
Solyc01g095320.4.1,HOG:C0237664,237664,9,drought
Solyc01g095330.2.1,,,16,drought
Solyc01g096320.3.1,HOG:C0183793,183793,11,drought
Solyc01g096340.3.1,HOG:C0233237,233237,9,drought
Solyc01g099810.3.1,,,16,drought
Solyc01g099980.4.1,HOG:C0257929,257929,5,drought
Solyc01g103990.3.1,HOG:C0263296,263296,3,drought
Solyc01g106820.3.1,HOG:C0262982,262982,3,drought
Solyc02g084850.3.1,HOG:C0184010,184010,11,drought
Solyc02g084980.3.1,HOG:C0667587,667587,1,drought
Solyc02g086530.4.1,HOG:C0662941,662941,1,drought
Solyc03g007230.4.1,HOG:C0263348,263348,3,drought
Solyc03g013440.5.1,HOG:C0662946,662946,1,drought
Solyc03g078150.3.1,HOG:C0662946,662946,1,drought
Solyc03g095650.3.1,HOG:C0264239,264239,2,drought
Solyc03g096670.3.1,HOG:C0232400,232400,9,drought
Solyc03g111100.1.1,HOG:C0244459,244459,8,drought
Solyc03g114160.1.1,HOG:C0244640,244640,8,drought
Solyc03g116390.5.1,HOG:C0221249,221249,10,drought
Solyc03g121880.5.1,HOG:C0183610,183610,11,drought
Solyc04g005380.3.1,HOG:C0221868,221868,10,drought
Solyc04g016420.3.1,HOG:C0181064,181064,13,drought
Solyc04g051280.5.1,HOG:C0181417,181417,13,drought
Solyc04g072700.4.1,HOG:C0224000,224000,10,drought
Solyc04g078840.3.1,HOG:C0243562,243562,8,drought
Solyc04g079300.3.1,HOG:C0677336,677336,1,drought
Solyc04g081900.4.1,HOG:C0248022,248022,7,drought
Solyc05g012210.4.1,HOG:C0221868,221868,10,drought
Solyc06g050800.5.1,HOG:C0662946,662946,1,drought
Solyc06g051020.2.1,HOG:C0232719,232719,9,drought
Solyc06g066600.3.1,HOG:C0663179,663179,1,drought
Solyc06g067980.3.1,HOG:C0180655,180655,13,drought
Solyc06g068450.3.1,HOG:C0231984,231984,9,drought
Solyc06g076400.3.1,HOG:C0223357,223357,10,drought
Solyc06g076520.1.1,HOG:C0248601,248601,7,drought
Solyc07g006130.3.1,HOG:C0884637,884637,0,drought
Solyc07g042550.3.1,HOG:C0892856,892856,0,drought
Solyc07g056570.1.1,HOG:C0663171,663171,1,drought
Solyc08g007430.2.1,HOG:C0666034,666034,1,drought
Solyc08g079430.3.1,HOG:C0258686,258686,5,drought
Solyc08g083130.5.1,HOG:C0184462,184462,11,drought
Solyc09g091030.3.1,HOG:C0891116,891116,0,drought
Solyc10g075070.3.1,HOG:C0233375,233375,9,drought
Solyc10g075090.3.1,HOG:C0233375,233375,9,drought
Solyc10g075103.1.1,HOG:C0233375,233375,9,drought
Solyc10g075110.2.1,HOG:C0182332,182332,12,drought
Solyc10g076250.2.1,HOG:C0885764,885764,0,drought
Solyc10g078770.2.1,HOG:C0233928,233928,9,drought
Solyc10g079150.3.1,HOG:C0180221,180221,13,drought
Solyc10g081840.3.1,HOG:C0233301,233301,9,drought
Solyc11g011440.1.1,HOG:C0244437,244437,8,drought
Solyc11g056650.2.1,HOG:C0184397,184397,11,drought
Solyc12g008660.1.1,HOG:C0221297,221297,10,drought
Solyc12g088190.2.1,HOG:C0264556,264556,2,drought
Solyc12g098900.2.1,HOG:C0221495,221495,10,drought
Solyc03g083360.3.1,HOG:C0248591,248591,7,drought
Solyc03g120470.4.1,HOG:C0667804,667804,1,drought
Solyc04g014510.3.1,HOG:C0890637,890637,0,drought
Solyc05g009820.5.1,HOG:C0666095,666095,1,drought
Solyc06g051960.3.1,HOG:C0248591,248591,7,drought
Solyc07g052980.3.1,HOG:C0247988,247988,7,drought
Solyc07g053540.1.1,HOG:C0232300,232300,9,drought
Solyc08g005800.4.1,HOG:C0665263,665263,1,drought
Solyc08g083280.3.1,HOG:C0247598,247598,7,drought
Solyc09g075460.3.1,HOG:C0244685,244685,8,drought
Solyc11g071640.3.1,HOG:C0664541,664541,1,drought
Solyc12g009650.2.1,HOG:C0183992,183992,11,drought
Solyc01g065840.4.1,HOG:C0181807,181807,13,heat
Solyc01g095320.4.1,HOG:C0237664,237664,9,heat
Solyc01g101070.3.1,HOG:C0664487,664487,1,heat
Solyc01g102960.3.1,HOG:C0246276,246276,8,heat
Solyc01g104740.3.1,HOG:C0666324,666324,1,heat
Solyc02g030450.3.1,HOG:C0669858,669858,1,heat
Solyc02g062130.5.1,HOG:C0890647,890647,0,heat
Solyc02g079020.4.1,HOG:C0185117,185117,11,heat
Solyc02g080130.5.1,HOG:C0667800,667800,1,heat
Solyc03g063760.4.1,HOG:C0665022,665022,1,heat
Solyc03g082420.3.1,HOG:C0260683,260683,5,heat
Solyc03g083190.3.1,HOG:C0245290,245290,8,heat
Solyc03g097960.1.1,HOG:C0234766,234766,9,heat
Solyc03g113590.3.1,HOG:C0663752,663752,1,heat
Solyc03g113930.3.1,HOG:C0246276,246276,8,heat
Solyc03g117440.3.1,HOG:C0662877,662877,1,heat
Solyc04g011440.4.1,HOG:C0884704,884704,0,heat
Solyc04g014480.3.1,HOG:C0253155,253155,7,heat
Solyc04g054290.3.1,HOG:C0663490,663490,1,heat
Solyc05g014280.4.1,HOG:C0244097,244097,8,heat
Solyc05g055010.4.1,HOG:C0256883,256883,6,heat
Solyc06g011370.4.1,HOG:C0885105,885105,0,heat
Solyc06g036290.3.1,HOG:C0884684,884684,0,heat
Solyc06g076520.1.1,HOG:C0248601,248601,7,heat
Solyc06g076560.2.1,HOG:C0248601,248601,7,heat
Solyc06g076670.3.1,HOG:C0244335,244335,8,heat
Solyc06g150138.1.1,,,16,heat
Solyc07g065410.1.1,HOG:C0179390,179390,14,heat
Solyc08g005420.3.1,HOG:C0663055,663055,1,heat
Solyc08g006150.3.1,HOG:C0664721,664721,1,heat
Solyc08g062340.3.1,HOG:C0261474,261474,4,heat
Solyc08g066940.4.1,HOG:C0224136,224136,10,heat
Solyc08g067960.3.1,HOG:C0667710,667710,1,heat
Solyc08g078700.3.1,HOG:C0232009,232009,9,heat
Solyc09g007270.3.1,HOG:C0663577,663577,1,heat
Solyc09g008970.1.1,HOG:C0233634,233634,9,heat
Solyc09g011410.4.1,HOG:C0181043,181043,13,heat
Solyc09g015000.4.1,HOG:C0668296,668296,1,heat
Solyc10g006610.5.1,HOG:C0885282,885282,0,heat
Solyc10g081480.2.1,HOG:C0257214,257214,6,heat
Solyc10g084400.2.1,HOG:C0667833,667833,1,heat
Solyc11g020040.2.1,HOG:C0884704,884704,0,heat
Solyc11g066100.2.1,HOG:C0884704,884704,0,heat
Solyc11g066830.2.1,HOG:C0663241,663241,1,heat
Solyc11g070060.2.1,HOG:C0668188,668188,1,heat
Solyc11g071830.2.1,HOG:C0662897,662897,1,heat
Solyc01g102950.3.1,HOG:C0666665,666665,1,heat
Solyc01g103760.3.1,HOG:C0664187,664187,1,heat
Solyc03g096950.4.1,HOG:C0663179,663179,1,heat
Solyc04g080850.3.1,HOG:C0664018,664018,1,heat
Solyc06g082710.5.1,HOG:C0226397,226397,10,heat
Solyc07g006830.4.1,HOG:C0258970,258970,5,heat
Solyc08g063090.2.1,HOG:C0663225,663225,1,heat
Solyc09g091510.3.1,HOG:C0891576,891576,0,heat
Solyc10g011810.4.1,HOG:C0663225,663225,1,heat
Solyc10g012410.3.1,HOG:C0891084,891084,0,heat
Solyc12g055930.3.1,HOG:C0664148,664148,1,heat
Solyc00g500031.1.1,,,16,random
Solyc00g160320.1.1,HOG:C0226395,226395,10,random
Solyc00g500130.1.1,,,16,random
Solyc00g021660.1.1,,,16,random
Solyc00g020030.1.1,,,16,random
Solyc00g500292.1.1,,,16,random
Solyc00g500300.1.1,HOG:C0222825,222825,10,random
Solyc00g160120.1.1,HOG:C0181221,181221,13,random
Solyc00g160150.1.1,,,16,random
Solyc00g500390.1.1,,,16,random
Solyc01g005980.4.1,HOG:C0243550,243550,8,random
Solyc01g006050.2.1,HOG:C0259175,259175,5,random
Solyc01g007130.3.1,HOG:C0244291,244291,8,random
Solyc01g007750.3.1,HOG:C0236258,236258,9,random
Solyc01g008290.3.1,HOG:C0663341,663341,1,random
Solyc01g009690.3.1,HOG:C0222139,222139,10,random
Solyc01g010140.1.1,HOG:C0181860,181860,13,random
Solyc01g011110.1.1,,,16,random
Solyc01g011350.3.1,HOG:C0244320,244320,8,random
Solyc01g013970.1.1,,,16,random
Solyc01g160840.1.1,HOG:C0232080,232080,9,random
Solyc01g015080.3.1,HOG:C0244754,244754,8,random
Solyc01g017020.1.1,,,16,random
Solyc01g017450.1.1,,,16,random
Solyc01g017610.1.1,HOG:C0669307,669307,1,random
Solyc01g017825.1.1,HOG:C0178561,178561,15,random
Solyc01g017860.3.1,,,16,random
Solyc01g020521.1.1,,,16,random
Solyc01g044490.5.1,HOG:C0662996,662996,1,random
Solyc01g161790.1.1,HOG:C0667448,667448,1,random
Solyc01g049720.1.1,,,16,random
Solyc01g160500.1.1,,,16,random
Solyc01g057960.3.1,HOG:C0263066,263066,3,random
Solyc01g058175.1.1,,,16,random
Solyc01g058320.4.1,HOG:C0183726,183726,11,random
Solyc01g162210.1.1,,,16,random
Solyc01g162480.1.1,,,16,random
Solyc01g066190.1.1,HOG:C0178597,178597,15,random
Solyc01g066775.1.1,,,16,random
Solyc01g067370.3.1,HOG:C0182672,182672,12,random
Solyc01g068100.4.1,HOG:C0247971,247971,7,random
Solyc01g080340.4.1,HOG:C0232366,232366,9,random
Solyc01g081450.3.1,HOG:C0247965,247965,7,random
Solyc01g074010.5.1,HOG:C0258878,258878,5,random
Solyc01g087810.2.1,HOG:C0182367,182367,12,random
Solyc01g090693.1.1,HOG:C0232089,232089,9,random
Solyc01g091240.4.1,HOG:C0232746,232746,9,random
Solyc01g091310.3.1,HOG:C0667965,667965,1,random
Solyc01g094460.3.1,HOG:C0244624,244624,8,random
Solyc01g094860.4.1,HOG:C0263069,263069,3,random
Solyc01g095950.1.1,HOG:C0179577,179577,14,random
Solyc01g097570.2.1,HOG:C0183848,183848,11,random
Solyc01g097700.1.1,HOG:C0180528,180528,13,random
Solyc01g160640.1.1,HOG:C0182640,182640,12,random
Solyc01g098490.3.1,HOG:C0663179,663179,1,random
Solyc01g098980.5.1,HOG:C0222578,222578,10,random
Solyc01g100910.3.1,HOG:C0232065,232065,9,random
Solyc01g104660.3.1,HOG:C0222507,222507,10,random
Solyc01g107030.3.1,,,16,random
Solyc01g107390.4.1,HOG:C0885282,885282,0,random
Solyc01g108350.5.1,HOG:C0247671,247671,7,random
Solyc01g108930.3.1,HOG:C0257142,257142,6,random
Solyc01g109030.4.1,HOG:C0184473,184473,11,random
Solyc01g109220.4.1,,,16,random
Solyc01g109450.3.1,HOG:C0676169,676169,1,random
Solyc02g043970.1.1,,,16,random
Solyc02g005210.3.1,HOG:C0664011,664011,1,random
Solyc02g011900.1.1,,,16,random
Solyc02g012000.1.1,HOG:C0224467,224467,10,random
Solyc02g021490.1.1,HOG:C0259038,259038,5,random
Solyc02g023980.4.1,HOG:C0668142,668142,1,random
Solyc02g030375.1.1,,,16,random
Solyc02g032000.1.1,HOG:C0179757,179757,14,random
Solyc02g033100.3.1,HOG:C0227360,227360,10,random
Solyc02g036280.3.1,HOG:C0226581,226581,10,random
Solyc02g038650.1.1,HOG:C0689976,689976,1,random
Solyc02g062550.3.1,HOG:C0224093,224093,10,random
Solyc02g063090.3.1,HOG:C0884671,884671,0,random
Solyc02g064640.4.1,HOG:C0884620,884620,0,random
Solyc02g066980.1.1,HOG:C0243649,243649,8,random
Solyc02g067160.4.1,HOG:C0244972,244972,8,random
Solyc02g068590.3.1,HOG:C0664761,664761,1,random
Solyc02g070550.3.1,HOG:C0245382,245382,8,random
Solyc02g070910.3.1,HOG:C0238559,238559,9,random
Solyc02g071350.3.1,HOG:C0662869,662869,1,random
Solyc02g072570.2.1,HOG:C0233201,233201,9,random
Solyc02g076970.2.1,HOG:C0668528,668528,1,random
Solyc02g077500.2.1,,,16,random
Solyc02g077640.1.1,HOG:C0256205,256205,6,random
Solyc02g077730.3.1,HOG:C0232203,232203,9,random
Solyc02g078430.3.1,HOG:C0253134,253134,7,random
Solyc02g078590.1.1,HOG:C0247521,247521,7,random
Solyc02g078790.4.1,HOG:C0244043,244043,8,random
Solyc02g078850.1.1,HOG:C0183848,183848,11,random
Solyc02g080110.3.1,HOG:C0221332,221332,10,random
Solyc02g150131.2.1,HOG:C0181370,181370,13,random
Solyc02g081430.3.1,HOG:C0243476,243476,8,random
Solyc02g082120.3.1,HOG:C0253145,253145,7,random
Solyc02g082920.5.1,HOG:C0893408,893408,0,random
Solyc02g083130.4.1,HOG:C0234592,234592,9,random
Solyc02g083765.1.1,,,16,random
Solyc02g084720.3.1,HOG:C0664174,664174,1,random
Solyc02g085500.5.1,HOG:C0243979,243979,8,random
Solyc02g085550.3.1,HOG:C0245012,245012,8,random
Solyc02g087030.1.1,HOG:C0222548,222548,10,random
Solyc02g087130.4.1,HOG:C0184772,184772,11,random
Solyc02g087750.3.1,,,16,random
Solyc02g087850.1.1,HOG:C0232043,232043,9,random
Solyc02g088690.5.1,HOG:C0885080,885080,0,random
Solyc02g089600.3.1,HOG:C0257592,257592,6,random
Solyc02g090393.1.1,,,16,random
Solyc02g091985.1.1,,,16,random
Solyc02g092910.3.1,HOG:C0664665,664665,1,random
Solyc02g093050.3.1,HOG:C0221882,221882,10,random
Solyc02g093180.3.1,HOG:C0231850,231850,9,random
Solyc02g093350.3.1,HOG:C0265950,265950,2,random
Solyc02g093410.4.1,,,16,random
Solyc02g094740.1.1,HOG:C0251327,251327,7,random
Solyc03g005480.4.1,HOG:C0244611,244611,8,random
Solyc03g005990.3.1,HOG:C0232384,232384,9,random
Solyc03g006470.4.1,HOG:C0258487,258487,5,random
Solyc03g006490.3.1,HOG:C0231965,231965,9,random
Solyc03g006640.3.1,HOG:C0221285,221285,10,random
Solyc03g006990.1.1,HOG:C0232561,232561,9,random
Solyc03g007490.3.1,HOG:C0263157,263157,3,random
Solyc03g007640.1.1,HOG:C0178722,178722,15,random
Solyc03g026160.4.1,HOG:C0258016,258016,5,random
Solyc03g026200.4.1,HOG:C0258659,258659,5,random
Solyc03g026240.4.1,HOG:C0184672,184672,11,random
Solyc03g026416.1.1,HOG:C0179375,179375,14,random
Solyc03g031480.3.1,HOG:C0178725,178725,15,random
Solyc03g042560.3.1,HOG:C0664891,664891,1,random
Solyc03g150114.1.1,HOG:C0222404,222404,10,random
Solyc03g160200.1.1,HOG:C0233969,233969,9,random
Solyc03g046350.3.1,HOG:C0182902,182902,12,random
Solyc03g058260.1.1,HOG:C0223651,223651,10,random
Solyc03g058855.1.1,,,16,random
Solyc03g062890.3.1,HOG:C0886280,886280,0,random
Solyc03g063200.3.1,HOG:C0265783,265783,2,random
Solyc03g063300.1.1,,,16,random
Solyc03g161030.1.1,HOG:C0181741,181741,13,random
Solyc03g078200.3.1,HOG:C0255802,255802,7,random
Solyc03g078640.1.1,HOG:C0244571,244571,8,random
Solyc03g082530.1.1,HOG:C0233237,233237,9,random
Solyc03g082570.5.1,HOG:C0663316,663316,1,random
Solyc03g082890.4.1,HOG:C0667773,667773,1,random
Solyc03g083830.1.1,HOG:C0180678,180678,13,random
Solyc03g083835.2.1,HOG:C0225603,225603,10,random
Solyc03g093890.3.1,HOG:C0180203,180203,13,random
Solyc03g096120.1.1,,,16,random
Solyc03g096610.3.1,HOG:C0235887,235887,9,random
Solyc03g097150.3.1,HOG:C0669928,669928,1,random
Solyc03g098190.3.1,HOG:C0247936,247936,7,random
Solyc03g020070.5.1,HOG:C0671250,671250,1,random
Solyc03g112400.1.1,,,16,random
Solyc03g112410.2.1,HOG:C0664032,664032,1,random
Solyc03g112660.3.1,HOG:C0259165,259165,5,random
Solyc03g113680.4.1,HOG:C0232439,232439,9,random
Solyc03g113800.3.1,HOG:C0663209,663209,1,random
Solyc03g117120.4.1,HOG:C0685356,685356,1,random
Solyc03g117680.4.1,HOG:C0231937,231937,9,random
Solyc03g117880.1.1,,,16,random
Solyc03g117910.3.1,HOG:C0183754,183754,11,random
Solyc03g118350.4.1,HOG:C0678341,678341,1,random
Solyc03g118790.3.1,HOG:C0247287,247287,7,random
Solyc03g119580.1.1,HOG:C0180219,180219,13,random
Solyc03g120190.3.1,HOG:C0234451,234451,9,random
Solyc03g121590.3.1,HOG:C0669858,669858,1,random
Solyc04g005390.3.1,HOG:C0184649,184649,11,random
Solyc04g007310.2.1,HOG:C0891907,891907,0,random
Solyc04g007730.3.1,HOG:C0263139,263139,3,random
Solyc04g009290.1.1,HOG:C0233957,233957,9,random
Solyc04g010310.4.1,HOG:C0259350,259350,5,random
Solyc04g014740.3.1,HOG:C0221303,221303,10,random
Solyc04g014887.2.1,HOG:C0182294,182294,12,random
Solyc04g015950.3.1,HOG:C0258394,258394,5,random
Solyc04g016030.1.1,HOG:C0184781,184781,11,random
Solyc04g017670.3.1,HOG:C0249051,249051,7,random
Solyc04g040190.1.1,HOG:C0890675,890675,0,random
Solyc04g040090.4.1,HOG:C0663591,663591,1,random
Solyc04g040010.3.1,HOG:C0254166,254166,7,random
Solyc04g039930.4.1,HOG:C0664524,664524,1,random
Solyc04g160460.1.1,HOG:C0178379,178379,15,random
Solyc04g028390.1.1,HOG:C0662951,662951,1,random
Solyc04g026340.3.1,,,16,random
Solyc04g026020.3.1,HOG:C0221809,221809,10,random
Solyc04g025375.1.1,HOG:C0231898,231898,9,random
Solyc04g160350.1.1,HOG:C0687797,687797,1,random
Solyc04g161370.1.1,HOG:C0230664,230664,10,random
Solyc04g053050.4.1,HOG:C0239287,239287,9,random
Solyc04g056440.3.1,HOG:C0663289,663289,1,random
Solyc04g057900.1.1,HOG:C0178850,178850,15,random
Solyc04g057940.4.1,HOG:C0260755,260755,5,random
Solyc04g058160.2.1,HOG:C0246267,246267,8,random
Solyc04g071300.3.1,HOG:C0688716,688716,1,random
Solyc04g074690.3.1,HOG:C0258277,258277,5,random
Solyc04g075016.1.1,,,16,random
Solyc04g076270.1.1,,,16,random
Solyc04g076530.3.1,HOG:C0226440,226440,10,random
Solyc04g077640.4.1,HOG:C0243753,243753,8,random
Solyc04g077800.1.1,,,16,random
Solyc04g077880.1.1,HOG:C0178861,178861,15,random
Solyc04g078195.1.1,HOG:C0257110,257110,6,random
Solyc04g078640.3.1,HOG:C0182380,182380,12,random
Solyc04g080860.1.1,,,16,random
Solyc04g081340.3.1,HOG:C0223301,223301,10,random
Solyc04g081590.5.1,,,16,random
Solyc05g005250.3.1,HOG:C0664755,664755,1,random
Solyc05g005330.3.1,HOG:C0182876,182876,12,random
Solyc05g005880.2.1,HOG:C0890558,890558,0,random
Solyc05g008100.1.1,HOG:C0183434,183434,11,random
Solyc05g009020.4.1,HOG:C0663019,663019,1,random
Solyc05g009410.3.1,HOG:C0234413,234413,9,random
Solyc05g009710.4.1,HOG:C0258400,258400,5,random
Solyc05g010685.1.1,,,16,random
Solyc05g012170.3.1,HOG:C0180074,180074,13,random
Solyc05g012260.3.1,HOG:C0664846,664846,1,random
Solyc05g012710.4.1,,,16,random
Solyc05g013340.3.1,HOG:C0663695,663695,1,random
Solyc05g014130.3.1,HOG:C0184015,184015,11,random
Solyc05g014190.4.1,HOG:C0675848,675848,1,random
Solyc05g014530.1.1,HOG:C0677205,677205,1,random
Solyc05g014570.1.1,,,16,random
Solyc05g014700.3.1,HOG:C0885528,885528,0,random
Solyc05g014847.1.1,HOG:C0178891,178891,15,random
Solyc05g150113.1.1,HOG:C0675044,675044,1,random
Solyc05g014970.3.1,HOG:C0885320,885320,0,random
Solyc05g015690.1.1,,,16,random
Solyc05g018650.4.1,HOG:C0888061,888061,0,random
Solyc05g020000.1.1,HOG:C0178902,178902,15,random
Solyc05g162390.1.1,HOG:C0669842,669842,1,random
Solyc05g161310.1.1,HOG:C0185534,185534,11,random
Solyc05g026260.1.1,,,16,random
Solyc05g041145.1.1,,,16,random
Solyc05g045826.1.1,HOG:C0233341,233341,9,random
Solyc05g160100.1.1,HOG:C0183684,183684,11,random
Solyc05g051360.1.1,HOG:C0224341,224341,10,random
Solyc05g052600.4.1,HOG:C0885485,885485,0,random
Solyc05g054690.3.1,,,16,random
Solyc05g055040.3.1,HOG:C0262480,262480,3,random
Solyc05g055460.1.1,HOG:C0221641,221641,10,random
Solyc05g056150.4.1,HOG:C0890589,890589,0,random
Solyc05g056280.2.1,,,16,random
Solyc06g007540.3.1,HOG:C0265941,265941,2,random
Solyc06g007640.3.1,HOG:C0261396,261396,4,random
Solyc06g008610.3.1,HOG:C0221734,221734,10,random
Solyc06g008820.3.1,HOG:C0663372,663372,1,random
Solyc06g009470.1.1,,,16,random
Solyc06g033850.3.1,,,16,random
Solyc06g034073.2.1,HOG:C0669881,669881,1,random
Solyc06g036020.1.1,,,16,random
Solyc06g043010.1.1,,,16,random
Solyc06g049050.3.1,HOG:C0261296,261296,4,random
Solyc06g050920.5.1,HOG:C0244374,244374,8,random
Solyc06g051090.3.1,HOG:C0259743,259743,5,random
Solyc06g051810.5.1,HOG:C0258034,258034,5,random
Solyc06g052100.3.1,HOG:C0244204,244204,8,random
Solyc06g054220.2.1,,,16,random
Solyc06g054670.2.1,HOG:C0182729,182729,12,random
Solyc06g059880.3.1,HOG:C0662875,662875,1,random
Solyc06g060080.3.1,HOG:C0248477,248477,7,random
Solyc06g064770.1.1,,,16,random
Solyc06g064960.3.1,HOG:C0256100,256100,6,random
Solyc06g065140.3.1,HOG:C0231102,231102,10,random
Solyc06g065760.1.1,,,16,random
Solyc06g066570.4.1,HOG:C0667962,667962,1,random
Solyc06g068630.5.1,HOG:C0224442,224442,10,random
Solyc06g071180.3.1,HOG:C0182742,182742,12,random
Solyc06g071430.3.1,HOG:C0265769,265769,2,random
Solyc06g071570.3.1,HOG:C0666034,666034,1,random
Solyc06g074140.1.1,HOG:C0233335,233335,9,random
Solyc06g075460.4.1,HOG:C0245278,245278,8,random
Solyc06g076130.3.1,HOG:C0223968,223968,10,random
Solyc06g082150.4.1,HOG:C0238460,238460,9,random
Solyc06g082510.3.1,HOG:C0236012,236012,9,random
Solyc06g084530.3.1,HOG:C0262596,262596,3,random
Solyc07g005975.1.1,,,16,random
Solyc07g006790.3.1,HOG:C0664393,664393,1,random
Solyc07g007650.3.1,HOG:C0243813,243813,8,random
Solyc07g007735.1.1,HOG:C0221471,221471,10,random
Solyc07g008620.1.1,HOG:C0224263,224263,10,random
Solyc07g009040.3.1,HOG:C0180078,180078,13,random
Solyc00g135260.3.1,HOG:C0247327,247327,7,random
Solyc07g009580.2.1,HOG:C0235269,235269,9,random
Solyc07g014583.1.1,,,16,random
Solyc07g015900.3.1,HOG:C0226665,226665,10,random
Solyc00g084760.2.1,HOG:C0181925,181925,13,random
Solyc07g018020.1.1,,,16,random
Solyc12g035555.2.1,HOG:C0228539,228539,10,random
Solyc07g160040.1.1,,,16,random
Solyc07g026900.1.1,HOG:C0667639,667639,1,random
Solyc07g160060.1.1,HOG:C0231249,231249,10,random
Solyc07g039210.4.1,HOG:C0663932,663932,1,random
Solyc07g039500.4.1,HOG:C0232360,232360,9,random
Solyc07g040900.3.1,HOG:C0234296,234296,9,random
Solyc07g041830.5.1,HOG:C0223738,223738,10,random
Solyc07g042180.5.1,,,16,random
Solyc07g042810.3.1,HOG:C0260141,260141,5,random
Solyc07g043160.1.1,HOG:C0183764,183764,11,random
Solyc07g047745.1.1,HOG:C0231016,231016,10,random
Solyc07g049490.3.1,HOG:C0246383,246383,8,random
Solyc07g049570.3.1,HOG:C0886676,886676,0,random
Solyc07g049740.4.1,HOG:C0890549,890549,0,random
Solyc07g051845.1.1,,,16,random
Solyc07g051890.1.1,HOG:C0221312,221312,10,random
Solyc07g052330.3.1,HOG:C0664732,664732,1,random
Solyc07g052530.3.1,HOG:C0244224,244224,8,random
Solyc07g055220.3.1,HOG:C0247716,247716,7,random
Solyc07g055300.3.1,HOG:C0663950,663950,1,random
Solyc07g055390.1.1,HOG:C0182688,182688,12,random
Solyc07g055750.4.1,HOG:C0663591,663591,1,random
Solyc07g062080.4.1,HOG:C0182474,182474,12,random
Solyc07g064040.3.1,HOG:C0232516,232516,9,random
Solyc07g064200.4.1,HOG:C0258261,258261,5,random
Solyc07g065180.3.1,HOG:C0265736,265736,2,random
Solyc07g065650.2.1,HOG:C0247352,247352,7,random
Solyc08g005750.3.1,HOG:C0248550,248550,7,random
Solyc08g006253.1.1,HOG:C0179375,179375,14,random
Solyc08g007010.4.1,HOG:C0668644,668644,1,random
Solyc08g007310.3.1,HOG:C0259915,259915,5,random
Solyc08g007590.3.1,HOG:C0893319,893319,0,random
Solyc08g008160.4.1,HOG:C0264193,264193,2,random
Solyc08g160030.1.1,HOG:C0181483,181483,13,random
Solyc08g048540.2.1,HOG:C0265350,265350,2,random
Solyc08g048460.2.1,HOG:C0885764,885764,0,random
Solyc08g160500.1.1,HOG:C0256328,256328,6,random
Solyc08g045770.1.1,,,16,random
Solyc08g045620.1.1,,,16,random
Solyc08g044610.4.1,HOG:C0891475,891475,0,random
Solyc08g023550.1.1,,,16,random
Solyc08g160830.1.1,,,16,random
Solyc08g021980.2.1,HOG:C0181636,181636,13,random
Solyc08g059690.1.1,,,16,random
Solyc08g059740.1.1,HOG:C0259499,259499,5,random
Solyc08g161450.1.1,HOG:C0240940,240940,9,random
Solyc08g065870.4.1,HOG:C0257056,257056,6,random
Solyc08g074500.2.1,HOG:C0672275,672275,1,random
Solyc08g074913.1.1,HOG:C0243721,243721,8,random
Solyc08g074950.2.1,HOG:C0665263,665263,1,random
Solyc08g076595.2.1,HOG:C0246703,246703,8,random
Solyc08g077020.1.1,HOG:C0248839,248839,7,random
Solyc08g077740.1.1,HOG:C0179080,179080,15,random
Solyc08g078800.1.1,HOG:C0183783,183783,11,random
Solyc08g078900.1.1,HOG:C0184774,184774,11,random
Solyc08g079100.3.1,HOG:C0183450,183450,11,random
Solyc08g080690.4.1,HOG:C0180397,180397,13,random
Solyc08g081700.1.1,HOG:C0183574,183574,11,random
Solyc08g082240.1.1,HOG:C0222335,222335,10,random
Solyc08g150148.1.1,HOG:C0182457,182457,12,random
Solyc08g082690.2.1,,,16,random
Solyc08g083290.4.1,HOG:C0232610,232610,9,random
Solyc09g005010.4.1,HOG:C0663607,663607,1,random
Solyc09g005790.1.1,HOG:C0259004,259004,5,random
Solyc09g008440.1.1,HOG:C0183941,183941,11,random
Solyc09g009370.4.1,HOG:C0265735,265735,2,random
Solyc09g010120.2.1,,,16,random
Solyc09g010150.5.1,HOG:C0261279,261279,4,random
Solyc09g011740.4.1,HOG:C0264241,264241,2,random
Solyc09g011790.3.1,HOG:C0260573,260573,5,random
Solyc09g014560.2.1,HOG:C0221340,221340,10,random
Solyc09g015085.1.1,,,16,random
Solyc09g015245.1.1,,,16,random
Solyc09g015585.1.1,,,16,random
Solyc09g018280.1.1,HOG:C0234345,234345,9,random
Solyc09g019990.1.1,,,16,random
Solyc09g031890.3.1,HOG:C0266052,266052,2,random
Solyc09g050068.1.1,,,16,random
Solyc09g160750.1.1,,,16,random
Solyc09g055710.3.1,,,16,random
Solyc09g058980.3.1,,,16,random
Solyc09g059600.4.1,HOG:C0266206,266206,2,random
Solyc09g150135.1.1,,,16,random
Solyc09g061791.2.1,HOG:C0662959,662959,1,random
Solyc09g064450.3.1,HOG:C0664350,664350,1,random
Solyc09g056185.2.1,HOG:C0240231,240231,9,random
Solyc09g065080.2.1,HOG:C0266289,266289,2,random
Solyc09g065410.5.1,HOG:C0180581,180581,13,random
Solyc09g072650.4.1,HOG:C0262711,262711,3,random
Solyc09g161630.1.1,HOG:C0181099,181099,13,random
Solyc09g072980.2.1,HOG:C0666186,666186,1,random
Solyc09g075200.5.1,HOG:C0664194,664194,1,random
Solyc09g075280.2.1,HOG:C0668692,668692,1,random
Solyc09g075500.3.1,HOG:C0181383,181383,13,random
Solyc09g082980.3.1,HOG:C0183515,183515,11,random
Solyc09g161800.1.1,,,16,random
Solyc09g091887.2.1,HOG:C0182281,182281,12,random
Solyc09g092280.1.1,HOG:C0226411,226411,10,random
Solyc09g150158.1.1,,,16,random
Solyc09g097900.3.1,HOG:C0662851,662851,1,random
Solyc10g005140.1.1,HOG:C0243449,243449,8,random
Solyc10g005870.4.1,HOG:C0233399,233399,9,random
Solyc10g006173.1.1,HOG:C0181620,181620,13,random
Solyc10g006270.5.1,HOG:C0663487,663487,1,random
Solyc10g007010.1.1,HOG:C0664715,664715,1,random
Solyc10g007420.4.1,,,16,random
Solyc10g008510.3.1,HOG:C0244347,244347,8,random
Solyc10g008530.1.1,HOG:C0257098,257098,6,random
Solyc10g008860.1.1,HOG:C0221338,221338,10,random
Solyc10g009350.4.1,HOG:C0183915,183915,11,random
Solyc10g024460.1.1,,,16,random
Solyc10g036840.1.1,,,16,random
Solyc10g037870.1.1,,,16,random
Solyc10g160720.1.1,,,16,random
Solyc10g062070.1.1,HOG:C0240846,240846,9,random
Solyc10g044780.2.1,HOG:C0263345,263345,3,random
Solyc10g047590.3.1,HOG:C0236312,236312,9,random
Solyc10g047960.3.1,HOG:C0259129,259129,5,random
Solyc10g047980.3.1,HOG:C0668854,668854,1,random
Solyc10g048070.2.1,,,16,random
Solyc10g048150.3.1,,,16,random
Solyc10g049917.1.1,,,16,random
Solyc10g050050.1.1,,,16,random
Solyc10g050140.1.1,HOG:C0181932,181932,13,random
Solyc10g050457.1.1,HOG:C0225048,225048,10,random
Solyc10g161810.1.1,HOG:C0231300,231300,10,random
Solyc10g054050.3.1,HOG:C0244414,244414,8,random
Solyc10g054560.2.1,HOG:C0662990,662990,1,random
Solyc10g054620.1.1,,,16,random
Solyc10g162420.1.1,HOG:C0178486,178486,15,random
Solyc10g055130.2.1,HOG:C0251580,251580,7,random
Solyc10g074640.3.1,HOG:C0231358,231358,10,random
Solyc10g074700.2.1,HOG:C0664560,664560,1,random
Solyc10g075173.1.1,HOG:C0179159,179159,15,random
Solyc10g079570.3.1,HOG:C0183455,183455,11,random
Solyc10g079700.2.1,HOG:C0243944,243944,8,random
Solyc10g079990.3.1,HOG:C0884763,884763,0,random
Solyc10g081880.3.1,HOG:C0244728,244728,8,random
Solyc10g084520.1.1,,,16,random
Solyc10g084770.3.1,HOG:C0221387,221387,10,random
Solyc10g085320.2.1,HOG:C0232017,232017,9,random
Solyc11g007060.2.1,HOG:C0184267,184267,11,random
Solyc11g008150.3.1,HOG:C0244727,244727,8,random
Solyc11g010630.4.1,HOG:C0244270,244270,8,random
Solyc11g011410.3.1,HOG:C0247317,247317,7,random
Solyc11g011440.1.1,HOG:C0244437,244437,8,random
Solyc11g013310.2.1,HOG:C0264256,264256,2,random
Solyc11g017460.3.1,HOG:C0248540,248540,7,random
Solyc11g020437.1.1,HOG:C0230223,230223,10,random
Solyc11g020503.1.1,,,16,random
Solyc11g020507.1.1,HOG:C0184368,184368,11,random
Solyc11g160430.1.1,HOG:C0232293,232293,9,random
Solyc11g021080.3.1,HOG:C0222825,222825,10,random
Solyc11g050790.1.1,HOG:C0222622,222622,10,random
Solyc11g160600.1.1,,,16,random
Solyc11g028140.1.1,HOG:C0231451,231451,10,random
Solyc11g045332.2.1,HOG:C0265110,265110,2,random
Solyc11g161150.1.1,HOG:C0180665,180665,13,random
Solyc11g150133.1.1,,,16,random
Solyc11g042770.1.1,HOG:C0179277,179277,14,random
Solyc11g042460.2.1,HOG:C0891568,891568,0,random
Solyc11g061835.2.1,HOG:C0231460,231460,10,random
Solyc11g064775.1.1,,,16,random
Solyc11g066850.3.1,HOG:C0259522,259522,5,random
Solyc11g068765.2.1,HOG:C0221391,221391,10,random
Solyc11g069450.1.1,HOG:C0221219,221219,10,random
Solyc11g070183.1.1,HOG:C0232437,232437,9,random
Solyc11g072140.3.1,HOG:C0183648,183648,11,random
Solyc11g073055.1.1,HOG:C0181036,181036,13,random
Solyc12g005000.1.1,HOG:C0180757,180757,13,random
Solyc12g005120.2.1,HOG:C0674436,674436,1,random
Solyc12g005783.1.1,HOG:C0221256,221256,10,random
Solyc12g007070.2.1,HOG:C0222298,222298,10,random
Solyc12g008590.3.1,HOG:C0663234,663234,1,random
Solyc12g010420.1.1,HOG:C0231434,231434,10,random
Solyc12g013570.2.1,HOG:C0221477,221477,10,random
Solyc12g013790.3.1,HOG:C0178473,178473,15,random
Solyc12g015770.3.1,HOG:C0247352,247352,7,random
Solyc12g015890.1.1,,,16,random
Solyc12g162280.1.1,HOG:C0225318,225318,10,random
Solyc12g019050.2.1,HOG:C0231847,231847,9,random
Solyc12g160780.1.1,,,16,random
Solyc12g027820.1.1,HOG:C0240842,240842,9,random
Solyc12g062650.1.1,,,16,random
Solyc12g033040.1.1,HOG:C0891072,891072,0,random
Solyc12g036283.1.1,,,16,random
Solyc12g036300.3.1,HOG:C0243652,243652,8,random
Solyc12g036430.3.1,HOG:C0232080,232080,9,random
Solyc12g036810.3.1,HOG:C0221775,221775,10,random
Solyc12g040450.2.1,,,16,random
Solyc12g042797.1.1,HOG:C0246703,246703,8,random
Solyc12g044590.1.1,,,16,random
Solyc12g160260.1.1,,,16,random
Solyc12g049140.1.1,HOG:C0181087,181087,13,random
Solyc12g049590.2.1,HOG:C0672741,672741,1,random
Solyc12g055730.3.1,HOG:C0256056,256056,6,random
Solyc12g056130.2.1,HOG:C0261326,261326,4,random
Solyc12g056700.2.1,HOG:C0662906,662906,1,random
Solyc12g088320.2.1,HOG:C0666757,666757,1,random
Solyc12g088830.3.1,HOG:C0253351,253351,7,random
Solyc12g094490.2.1,HOG:C0247351,247351,7,random
Solyc12g096050.2.1,HOG:C0262827,262827,3,random
Solyc12g096220.2.1,HOG:C0179590,179590,14,random
Solyc12g096580.2.1,HOG:C0664761,664761,1,random
Solyc12g096770.1.1,HOG:C0182633,182633,12,random
Solyc12g098160.2.1,HOG:C0263410,263410,3,random
Solyc12g099040.2.1,HOG:C0224331,224331,10,random
Solyc12g099070.1.1,HOG:C0663179,663179,1,random
Solyc12g099520.3.1,HOG:C0247364,247364,7,random
Solyc12g099560.2.1,HOG:C0265562,265562,2,random
Solyc12g099900.1.1,HOG:C0259675,259675,5,random
Solyc01g007110.3.1,HOG:C0259225,259225,5,salt
Solyc01g067740.3.1,HOG:C0886280,886280,0,salt
Solyc01g080910.2.1,HOG:C0253275,253275,7,salt
Solyc01g087180.5.1,HOG:C0245405,245405,8,salt
Solyc01g090740.3.1,HOG:C0243645,243645,8,salt
Solyc01g095140.5.1,HOG:C0258150,258150,5,salt
Solyc01g096320.3.1,HOG:C0183793,183793,11,salt
Solyc01g099800.4.1,,,16,salt
Solyc01g099810.3.1,,,16,salt
Solyc01g102960.3.1,HOG:C0246276,246276,8,salt
Solyc01g103920.3.1,HOG:C0662873,662873,1,salt
Solyc01g103970.4.1,HOG:C0222508,222508,10,salt
Solyc01g104740.3.1,HOG:C0666324,666324,1,salt
Solyc01g105660.4.1,HOG:C0244600,244600,8,salt
Solyc01g107700.4.1,HOG:C0670617,670617,1,salt
Solyc01g108080.4.1,HOG:C0227001,227001,10,salt
Solyc01g112230.4.1,HOG:C0256107,256107,6,salt
Solyc02g077040.4.1,HOG:C0668528,668528,1,salt
Solyc02g077980.3.1,HOG:C0180705,180705,13,salt
Solyc02g079930.3.1,HOG:C0684244,684244,1,salt
Solyc02g081550.3.1,HOG:C0662874,662874,1,salt
Solyc02g082450.3.1,HOG:C0663561,663561,1,salt
Solyc02g083280.5.1,HOG:C0233536,233536,9,salt
Solyc02g084850.3.1,HOG:C0184010,184010,11,salt
Solyc02g084980.3.1,HOG:C0667587,667587,1,salt
Solyc02g086530.4.1,HOG:C0662941,662941,1,salt
Solyc02g087890.4.1,HOG:C0180557,180557,13,salt
Solyc02g088610.4.1,HOG:C0885105,885105,0,salt
Solyc02g091250.1.1,HOG:C0183564,183564,11,salt
Solyc02g091390.3.1,HOG:C0265294,265294,2,salt
Solyc02g092760.3.1,,,16,salt
Solyc02g093180.3.1,HOG:C0231850,231850,9,salt
Solyc03g007230.4.1,HOG:C0263348,263348,3,salt
Solyc03g007960.3.1,HOG:C0256814,256814,6,salt
Solyc03g046380.1.1,HOG:C0260581,260581,5,salt
Solyc03g013160.5.1,HOG:C0662946,662946,1,salt
Solyc03g095650.3.1,HOG:C0264239,264239,2,salt
Solyc03g096670.3.1,HOG:C0232400,232400,9,salt
Solyc03g098100.4.1,HOG:C0662928,662928,1,salt
Solyc03g111100.1.1,HOG:C0244459,244459,8,salt
Solyc03g112080.1.1,HOG:C0664095,664095,1,salt
Solyc03g114160.1.1,HOG:C0244640,244640,8,salt
Solyc03g115230.3.1,HOG:C0885105,885105,0,salt
Solyc03g116390.5.1,HOG:C0221249,221249,10,salt
Solyc03g116590.3.1,HOG:C0221674,221674,10,salt
Solyc03g117800.4.1,HOG:C0669241,669241,1,salt
Solyc03g121880.5.1,HOG:C0183610,183610,11,salt
Solyc03g122310.4.1,HOG:C0884950,884950,0,salt
Solyc03g123540.3.1,HOG:C0249098,249098,7,salt
Solyc04g005250.4.1,HOG:C0232491,232491,9,salt
Solyc04g005380.3.1,HOG:C0221868,221868,10,salt
Solyc04g006960.3.1,HOG:C0662869,662869,1,salt
Solyc04g007130.1.1,HOG:C0233133,233133,9,salt
Solyc04g011440.4.1,HOG:C0884704,884704,0,salt
Solyc04g014600.3.1,HOG:C0263125,263125,3,salt
Solyc04g015520.3.1,HOG:C0243662,243662,8,salt
Solyc04g072890.4.1,HOG:C0667922,667922,1,salt
Solyc04g076340.3.1,HOG:C0237605,237605,9,salt
Solyc04g077220.3.1,HOG:C0245518,245518,8,salt
Solyc04g078840.3.1,HOG:C0243562,243562,8,salt
Solyc04g079300.3.1,HOG:C0677336,677336,1,salt
Solyc04g081900.4.1,HOG:C0248022,248022,7,salt
Solyc05g007950.5.1,HOG:C0669332,669332,1,salt
Solyc05g012210.4.1,HOG:C0221868,221868,10,salt
Solyc05g160260.1.1,HOG:C0234471,234471,9,salt
Solyc05g015390.3.1,HOG:C0234471,234471,9,salt
Solyc05g015470.1.1,HOG:C0253133,253133,7,salt
Solyc05g050220.3.1,HOG:C0243503,243503,8,salt
Solyc06g009050.3.1,HOG:C0247364,247364,7,salt
Solyc06g050130.3.1,HOG:C0663500,663500,1,salt
Solyc06g050800.5.1,HOG:C0662946,662946,1,salt
Solyc06g050980.3.1,HOG:C0667830,667830,1,salt
Solyc06g052020.2.1,HOG:C0184055,184055,11,salt
Solyc06g060840.1.1,HOG:C0259029,259029,5,salt
Solyc06g065050.2.1,HOG:C0245433,245433,8,salt
Solyc06g066600.3.1,HOG:C0663179,663179,1,salt
Solyc06g067980.3.1,HOG:C0180655,180655,13,salt
Solyc06g071750.3.1,HOG:C0180186,180186,13,salt
Solyc06g072430.3.1,HOG:C0221901,221901,10,salt
Solyc06g074260.4.1,HOG:C0245292,245292,8,salt
Solyc06g074940.5.1,HOG:C0662869,662869,1,salt
Solyc06g076400.3.1,HOG:C0223357,223357,10,salt
Solyc06g076520.1.1,HOG:C0248601,248601,7,salt
Solyc06g076560.2.1,HOG:C0248601,248601,7,salt
Solyc06g076570.4.1,HOG:C0248601,248601,7,salt
Solyc06g076670.3.1,HOG:C0244335,244335,8,salt
Solyc06g082440.1.1,HOG:C0184096,184096,11,salt
Solyc06g084170.3.1,HOG:C0178994,178994,15,salt
Solyc06g084320.1.1,HOG:C0244775,244775,8,salt
Solyc07g005210.3.1,HOG:C0665259,665259,1,salt
Solyc07g006130.3.1,HOG:C0884637,884637,0,salt
Solyc07g006140.4.1,HOG:C0662959,662959,1,salt
Solyc07g006860.3.1,HOG:C0242904,242904,9,salt
Solyc07g040990.4.1,HOG:C0183610,183610,11,salt
Solyc07g043590.3.1,HOG:C0662917,662917,1,salt
Solyc07g045140.4.1,HOG:C0263951,263951,3,salt
Solyc07g150145.2.1,,,16,salt
Solyc07g053550.3.1,HOG:C0244445,244445,8,salt
Solyc07g054270.3.1,HOG:C0247728,247728,7,salt
Solyc07g055660.2.1,HOG:C0253121,253121,7,salt
Solyc07g055840.3.1,HOG:C0884814,884814,0,salt
Solyc07g056430.3.1,HOG:C0247804,247804,7,salt
Solyc07g062530.3.1,HOG:C0886591,886591,0,salt
Solyc07g062970.3.1,HOG:C0891475,891475,0,salt
Solyc08g062220.3.1,HOG:C0225379,225379,10,salt
Solyc08g062340.3.1,HOG:C0261474,261474,4,salt
Solyc08g075020.3.1,HOG:C0665263,665263,1,salt
Solyc08g076880.3.1,HOG:C0224271,224271,10,salt
Solyc08g078040.4.1,HOG:C0671820,671820,1,salt
Solyc08g078160.3.1,HOG:C0259029,259029,5,salt
Solyc08g080940.3.1,HOG:C0663451,663451,1,salt
Solyc08g083130.5.1,HOG:C0184462,184462,11,salt
Solyc09g007270.3.1,HOG:C0663577,663577,1,salt
Solyc09g011370.3.1,HOG:C0260611,260611,5,salt
Solyc09g015670.3.1,HOG:C0264208,264208,2,salt
Solyc09g064820.1.1,HOG:C0244775,244775,8,salt
Solyc09g065560.3.1,HOG:C0662867,662867,1,salt
Solyc09g089650.1.1,HOG:C0221690,221690,10,salt
Solyc09g091030.3.1,HOG:C0891116,891116,0,salt
Solyc09g098590.4.1,,,16,salt
Solyc10g008040.5.1,HOG:C0178331,178331,15,salt
Solyc10g075070.3.1,HOG:C0233375,233375,9,salt
Solyc10g078770.2.1,HOG:C0233928,233928,9,salt
Solyc10g079150.3.1,HOG:C0180221,180221,13,salt
Solyc10g081980.2.1,HOG:C0232092,232092,9,salt
Solyc10g084400.2.1,HOG:C0667833,667833,1,salt
Solyc11g006720.2.1,HOG:C0234272,234272,9,salt
Solyc11g018680.1.1,HOG:C0662869,662869,1,salt
Solyc11g056650.2.1,HOG:C0184397,184397,11,salt
Solyc11g072500.2.1,HOG:C0234842,234842,9,salt
Solyc12g006380.2.1,HOG:C0183589,183589,11,salt
Solyc12g007070.2.1,HOG:C0222298,222298,10,salt
Solyc12g013620.2.1,HOG:C0221432,221432,10,salt
Solyc12g019740.2.1,HOG:C0183693,183693,11,salt
Solyc12g098900.2.1,HOG:C0221495,221495,10,salt
Solyc01g081570.3.1,HOG:C0893153,893153,0,salt
Solyc01g087740.1.1,HOG:C0182367,182367,12,salt
Solyc01g087850.2.1,HOG:C0182367,182367,12,salt
Solyc01g102310.3.1,HOG:C0221419,221419,10,salt
Solyc01g102700.4.1,HOG:C0258263,258263,5,salt
Solyc01g106910.4.1,HOG:C0222279,222279,10,salt
Solyc01g109660.2.1,,,16,salt
Solyc02g070000.4.1,HOG:C0258149,258149,5,salt
Solyc02g086454.2.1,,,16,salt
Solyc02g086452.1.1,,,16,salt
Solyc02g086458.2.1,,,16,salt
Solyc02g088220.3.1,HOG:C0664911,664911,1,salt
Solyc02g088390.4.1,HOG:C0231804,231804,9,salt
Solyc02g091840.3.1,,,16,salt
Solyc03g007760.3.1,HOG:C0260666,260666,5,salt
Solyc03g032040.3.1,HOG:C0685801,685801,1,salt
Solyc03g083560.1.1,HOG:C0685691,685691,1,salt
Solyc03g093410.3.1,HOG:C0687754,687754,1,salt
Solyc03g095780.3.1,HOG:C0256036,256036,6,salt
Solyc03g096800.4.1,HOG:C0226822,226822,10,salt
Solyc03g111970.4.1,HOG:C0662959,662959,1,salt
Solyc03g123410.1.1,HOG:C0246220,246220,8,salt
Solyc04g007200.4.1,HOG:C0263693,263693,3,salt
Solyc04g011500.3.1,HOG:C0884733,884733,0,salt
Solyc04g076190.1.1,HOG:C0247382,247382,7,salt
Solyc04g082480.3.1,HOG:C0265869,265869,2,salt
Solyc05g009820.5.1,HOG:C0666095,666095,1,salt
Solyc05g012790.4.1,HOG:C0258950,258950,5,salt
Solyc05g013880.2.1,HOG:C0232868,232868,9,salt
Solyc05g054620.4.1,HOG:C0264318,264318,2,salt
Solyc05g054860.1.1,HOG:C0221975,221975,10,salt
Solyc06g007170.4.1,HOG:C0247427,247427,7,salt
Solyc06g050500.2.1,HOG:C0256036,256036,6,salt
Solyc06g061230.3.1,HOG:C0180651,180651,13,salt
Solyc07g005540.1.1,HOG:C0258078,258078,5,salt
Solyc07g005950.5.1,HOG:C0258791,258791,5,salt
Solyc07g009380.5.1,HOG:C0223940,223940,10,salt
Solyc07g041730.4.1,HOG:C0663144,663144,1,salt
Solyc07g042510.3.1,HOG:C0663983,663983,1,salt
Solyc07g047770.4.1,HOG:C0263010,263010,3,salt
Solyc07g053540.1.1,HOG:C0232300,232300,9,salt
Solyc07g062680.3.1,HOG:C0232309,232309,9,salt
Solyc08g005240.3.1,HOG:C0232061,232061,9,salt
Solyc08g005580.3.1,HOG:C0662869,662869,1,salt
Solyc08g067240.4.1,HOG:C0262433,262433,3,salt
Solyc08g078950.3.1,HOG:C0666034,666034,1,salt
Solyc09g018230.1.1,HOG:C0244649,244649,8,salt
Solyc09g066100.3.1,HOG:C0671305,671305,1,salt
Solyc09g075560.1.1,HOG:C0666095,666095,1,salt
Solyc09g090680.3.1,HOG:C0243509,243509,8,salt
Solyc10g076410.1.1,HOG:C0256036,256036,6,salt
Solyc10g079700.2.1,HOG:C0243944,243944,8,salt
Solyc10g085310.1.1,HOG:C0256036,256036,6,salt
Solyc11g005190.3.1,HOG:C0671799,671799,1,salt
Solyc11g008960.3.1,HOG:C0248031,248031,7,salt
Solyc11g051160.2.1,HOG:C0685835,685835,1,salt
Solyc11g069020.4.1,HOG:C0182269,182269,12,salt
Solyc12g006980.2.1,HOG:C0248129,248129,7,salt
Solyc12g009650.2.1,HOG:C0183992,183992,11,salt
Solyc12g100010.1.1,HOG:C0179592,179592,14,salt
